{
  "xor": {
    "mlp_acc": 0.8445,
    "moe_acc": 0.566,
    "mi": 0.6610502778923448,
    "collapse": 0.692678069889659
  },
  "gaussian": {
    "mlp_acc": 0.839,
    "moe_acc": 0.787,
    "mi": 0.6625763615583725,
    "collapse": 0.693007083021144
  },
  "spiral": {
    "mlp_acc": 0.648,
    "moe_acc": 0.6445,
    "mi": 0.6931291798382742,
    "collapse": 0.6931339002474033
  }
}