{
  "xor": {
    "acc": 1.0,
    "entropy": 1.4902522444538928,
    "usage": [
      0.115,
      0.373,
      0.258,
      0.127,
      0.127
    ],
    "FLOPs": 160000,
    "score": 0.8620689655172414,
    "expert_perf": [
      0.472981218825995,
      0.5262504495952257,
      0.4557196035518846,
      0.4496065560351652,
      0.4644215647640695
    ]
  },
  "gaussian": {
    "acc": 0.766,
    "entropy": 1.1719958037145626,
    "usage": [
      0.071,
      0.403,
      0.408,
      0.118,
      0.0
    ],
    "FLOPs": 160000,
    "score": 0.6603448275862069,
    "expert_perf": [
      0.393247532631824,
      0.3586853371271013,
      0.6834794518077101,
      0.6237836244765007,
      0.7007273577416755
    ]
  },
  "spiral": {
    "acc": 0.61,
    "entropy": 1.3290274202684207,
    "usage": [
      0.114,
      0.307,
      0.344,
      0.233,
      0.002
    ],
    "FLOPs": 160000,
    "score": 0.5258620689655172,
    "expert_perf": [
      0.30281369834640554,
      0.5104635106712506,
      0.46329702229927205,
      0.7162992211500978,
      0.05535045753656458
    ]
  },
  "mnist_like": {
    "acc": 0.122,
    "entropy": 1.5593819944842369,
    "usage": [
      0.225,
      0.153,
      0.206,
      0.116,
      0.3
    ],
    "FLOPs": 62720000,
    "score": 0.0019146264908976773,
    "expert_perf": [
      0.09541766848424434,
      0.11918937300791071,
      0.09447541776250853,
      0.0902458758790236,
      0.10982390187043432
    ]
  }
}