{
  "xor": {
    "ACC": 0.7355,
    "Entropy": 1.3951826827477403,
    "Collapse": 0.2890625,
    "MI": 0.7020354950224869,
    "Usage": [
      0.09375,
      0.40625,
      0.3125,
      0.09375,
      0.09375
    ],
    "Expert Perf": [
      0.4920422557062442,
      0.4923217420803749,
      0.5079989325104093,
      0.5099735333367732,
      0.5080592113072923
    ]
  },
  "gaussian": {
    "ACC": 0.7795,
    "Entropy": 1.2156035585093024,
    "Collapse": 0.330078125,
    "MI": 0.5224563528979101,
    "Usage": [
      0.09375,
      0.375,
      0.40625,
      0.125,
      0.0
    ],
    "Expert Perf": [
      0.5121413787082764,
      0.4877713623337487,
      0.5313251054428225,
      0.5503446588972987,
      0.6296369502522073
    ]
  },
  "spiral": {
    "ACC": 0.75,
    "Entropy": 1.3463474939115385,
    "Collapse": 0.26953125,
    "MI": 0.6532002889158516,
    "Usage": [
      0.15625,
      0.34375,
      0.28125,
      0.21875,
      0.0
    ],
    "Expert Perf": [
      0.5144673786711624,
      0.29487806811811074,
      0.48539458430473637,
      0.5188506363836936,
      0.2493942953070482
    ]
  },
  "mnist_like": {
    "ACC": 0.114,
    "Entropy": 1.4510661342131193,
    "Collapse": 0.25,
    "MI": 0.7579189463796524,
    "Usage": [
      0.21875,
      0.15625,
      0.28125,
      0.03125,
      0.3125
    ],
    "Expert Perf": [
      0.11490350305752203,
      0.09997272245532653,
      0.09130533430372967,
      0.09221486011137264,
      0.1318970257625954
    ]
  }
}