{
  "xor": {
    "acc": 0.375,
    "entropy": 0.6931472421160372,
    "collapse": 0.5,
    "MI": 0.0,
    "Usage": [
      0.0,
      0.0,
      0.5,
      0.5,
      0.0
    ],
    "FLOPs": 51200
  },
  "gaussian": {
    "acc": 0.75,
    "entropy": 0.6931472421160373,
    "collapse": 0.5,
    "MI": 0.0,
    "Usage": [
      0.5,
      0.5,
      0.0,
      0.0,
      0.0
    ],
    "FLOPs": 51200
  },
  "spiral": {
    "acc": 0.125,
    "entropy": 0.6931472421160372,
    "collapse": 0.5,
    "MI": 0.0,
    "Usage": [
      0.5,
      0.0,
      0.0,
      0.0,
      0.5
    ],
    "FLOPs": 51200
  },
  "mnist_like": {
    "acc": 0.0,
    "entropy": 1.370502412251891,
    "collapse": 0.2578125,
    "MI": 0.6773552073589636,
    "Usage": [
      0.3125,
      0.25,
      0.25,
      0.0,
      0.1875
    ],
    "FLOPs": 10163200
  }
}