{
  "xor": {
    "acc": 0.7355,
    "entropy": 1.48754717228014,
    "expert_perf": [
      0.5077374086992434,
      0.5078857921516982,
      0.4924222496105204,
      0.5162660611052639,
      0.491920018919124
    ]
  },
  "gaussian": {
    "acc": 0.7935,
    "entropy": 1.1498387315649432,
    "expert_perf": [
      0.491647483262625,
      0.5170057681889222,
      0.7040289183306396,
      0.6909877212669384,
      0.7734302005969844
    ]
  },
  "spiral": {
    "acc": 0.75,
    "entropy": 1.3245039548759596,
    "expert_perf": [
      0.5011976775854092,
      0.4283091736516778,
      0.4986497663704414,
      0.6214301107936983,
      0.062204050443660494
    ]
  },
  "mnist_like": {
    "acc": 0.1105,
    "entropy": 1.5687896402751833,
    "expert_perf": [
      0.1107804705906254,
      0.11263250214042755,
      0.10012053934530585,
      0.08757101443378423,
      0.11779189454992642
    ]
  }
}