{
  "xor": {
    "ACC": 0.625,
    "Entropy": 1.370502412251891,
    "Collapse": 0.2578125,
    "MI": 0.0,
    "Usage": [
      0.25,
      0.3125,
      0.0,
      0.1875,
      0.25
    ],
    "FLOPs": 25600
  },
  "gaussian": {
    "ACC": 0.16666666666666666,
    "Entropy": 1.1437084128702666,
    "Collapse": 0.36111111111111116,
    "MI": 0.0,
    "Usage": [
      0.0,
      0.4166666666666667,
      0.08333333333333333,
      0.4166666666666667,
      0.08333333333333333
    ],
    "FLOPs": 31680
  },
  "spiral": {
    "ACC": 0.16666666666666666,
    "Entropy": 1.1437084128702666,
    "Collapse": 0.36111111111111116,
    "MI": 0.0,
    "Usage": [
      0.0,
      0.4166666666666667,
      0.08333333333333333,
      0.4166666666666667,
      0.08333333333333333
    ],
    "FLOPs": 31680
  },
  "mnist_like": {
    "ACC": 0.05,
    "Entropy": 1.563199964784076,
    "Collapse": 0.21875,
    "MI": 5.551115123125783e-17,
    "Usage": [
      0.3,
      0.2,
      0.225,
      0.125,
      0.15
    ],
    "FLOPs": 12704000
  }
}