{
  "xor": {
    "acc": 1.0,
    "entropy": 1.4902522444538928,
    "collapse": 0.373,
    "MI": 0.9259457807850742,
    "usage": [
      0.115,
      0.373,
      0.258,
      0.127,
      0.127
    ],
    "FLOPs": 160000,
    "score": 0.8620689655172414,
    "expert_perf": [
      0.4753397772454182,
      0.5530319647454182,
      0.442426102702564,
      0.4469710307995028,
      0.4678447247051295
    ]
  },
  "gaussian": {
    "acc": 0.766,
    "entropy": 1.1719958037145626,
    "collapse": 0.408,
    "MI": 0.7282019360051274,
    "usage": [
      0.071,
      0.403,
      0.408,
      0.118,
      0.0
    ],
    "FLOPs": 160000,
    "score": 0.6603448275862069,
    "expert_perf": [
      0.39415767824220294,
      0.35373848252657913,
      0.6823105900321028,
      0.6195201452531068,
      0.7045994669080621
    ]
  },
  "spiral": {
    "acc": 0.61,
    "entropy": 1.3290274202684207,
    "collapse": 0.344,
    "MI": 0.8257711652004089,
    "usage": [
      0.114,
      0.307,
      0.344,
      0.233,
      0.002
    ],
    "FLOPs": 160000,
    "score": 0.5258620689655172,
    "expert_perf": [
      0.3083176417282381,
      0.49479677602345346,
      0.46095509770955917,
      0.7261146469781024,
      0.05875633022305477
    ]
  },
  "mnist_like": {
    "acc": 0.124,
    "entropy": 1.5593819944842369,
    "collapse": 0.3,
    "MI": 0.9688985094963003,
    "usage": [
      0.225,
      0.153,
      0.206,
      0.116,
      0.3
    ],
    "FLOPs": 62720000,
    "score": 0.0019460138104205901,
    "expert_perf": [
      0.09992489493400009,
      0.12106082843088271,
      0.09943374187699436,
      0.09087781729575871,
      0.11072401618861547
    ]
  }
}