{
  "xor": {
    "acc": 0.508,
    "entropy": 1.2598342807901246,
    "collapse": 0.373,
    "MI": 0.7827790504106877,
    "usage": [
      0.127,
      0.373,
      0.0,
      0.127,
      0.373
    ],
    "FLOPs": 248000,
    "score": 0.40705128205128205,
    "expert_perf": [
      0.4393861285360184,
      0.4259020017375241,
      0.46659091366546596,
      0.4805089133894835,
      0.46659091366546596
    ]
  },
  "gaussian": {
    "acc": 0.814,
    "entropy": 1.1449346122027462,
    "collapse": 0.432,
    "MI": 0.7113878723480278,
    "usage": [
      0.079,
      0.4,
      0.0,
      0.089,
      0.432
    ],
    "FLOPs": 248000,
    "score": 0.6522435897435896,
    "expert_perf": [
      0.6980312774888453,
      0.5786140976489906,
      0.6281888358797013,
      0.2739835786812728,
      0.712251857820724
    ]
  },
  "spiral": {
    "acc": 0.544,
    "entropy": 1.3266987342363898,
    "collapse": 0.374,
    "MI": 0.8243242712170872,
    "usage": [
      0.156,
      0.287,
      0.0,
      0.183,
      0.374
    ],
    "FLOPs": 248000,
    "score": 0.4358974358974359,
    "expert_perf": [
      0.4350588538857349,
      0.2512112167635939,
      0.11782227429044984,
      0.8371798068888686,
      0.20535403631129778
    ]
  },
  "mnist_like": {
    "acc": 0.1,
    "entropy": 1.5034654517940447,
    "collapse": 0.391,
    "MI": 0.93415560810309,
    "usage": [
      0.125,
      0.127,
      0.391,
      0.191,
      0.166
    ],
    "FLOPs": 97216000,
    "score": 0.0010181640465911869,
    "expert_perf": [
      0.08525387369677707,
      0.0935203036543239,
      0.08879973357142464,
      0.10015473247936424,
      0.09158876803581206
    ]
  }
}