{
  "xor": {
    "acc": 0.746,
    "entropy": 1.6092070707782313,
    "collapse": 0.5,
    "MI": 0.6459750960191605,
    "usage": [
      0.0,
      0.0,
      0.254,
      0.5,
      0.246
    ],
    "FLOPs": 248000,
    "score": 0.5977564102564102,
    "expert_perf": [
      0.4737499954588291,
      0.5054099365557095,
      0.5261965231959502,
      0.7763807430869082,
      0.4742980051520653
    ]
  },
  "gaussian": {
    "acc": 0.832,
    "entropy": 1.6082690086369409,
    "collapse": 0.38,
    "MI": 0.8529805365293981,
    "usage": [
      0.149,
      0.27,
      0.189,
      0.012,
      0.38
    ],
    "FLOPs": 248000,
    "score": 0.6666666666666666,
    "expert_perf": [
      0.5413634826705669,
      0.5091046831931352,
      0.507605109048238,
      0.31136101465878285,
      0.7445339894075602
    ]
  },
  "spiral": {
    "acc": 0.676,
    "entropy": 1.606512669765282,
    "collapse": 0.5,
    "MI": 0.6431328875799662,
    "usage": [
      0.216,
      0.284,
      0.0,
      0.5,
      0.0
    ],
    "FLOPs": 248000,
    "score": 0.5416666666666667,
    "expert_perf": [
      0.5003635088430758,
      0.49880879751910007,
      0.11939146618306644,
      0.9422833604607945,
      0.15554614271122455
    ]
  },
  "mnist_like": {
    "acc": 0.148,
    "entropy": 1.6093221548300223,
    "collapse": 0.215,
    "MI": 0.9992114809454224,
    "usage": [
      0.215,
      0.184,
      0.204,
      0.2,
      0.197
    ],
    "FLOPs": 97216000,
    "score": 0.0015068827889549565,
    "expert_perf": [
      0.10274322559359408,
      0.1029945193294248,
      0.10260598062096246,
      0.10809562221954339,
      0.1132664654433423
    ]
  }
}