{
  "xor": {
    "acc": 0.613,
    "entropy": 1.354903602019634,
    "collapse": 0.1581510591045484,
    "mi": 0.29377640486606865,
    "usage": [
      0.0,
      0.2525,
      0.1515,
      0.293,
      0.303
    ]
  },
  "gaussian": {
    "acc": 0.9975,
    "entropy": 0.8901079320752495,
    "collapse": 0.44694484627303344,
    "mi": 0.6551892382344224,
    "usage": [
      0.0,
      0.4645,
      0.0045,
      0.4775,
      0.0535
    ]
  },
  "spiral": {
    "acc": 0.616,
    "entropy": 1.3655727372865356,
    "collapse": 0.15152195264168034,
    "mi": 0.019175798429119664,
    "usage": [
      0.0,
      0.253,
      0.1775,
      0.2495,
      0.32
    ]
  },
  "mnist_like": {
    "acc": 0.14475,
    "entropy": 1.6091901114664782,
    "collapse": 0.0001539673980013312,
    "mi": 0.00539061544326377,
    "usage": [
      0.205,
      0.2005,
      0.192,
      0.1995,
      0.203
    ]
  }
}