{
  "xor": {
    "ACC": 1.0,
    "Entropy": 1.6094074748918898,
    "Collapse": 0.20001221351995646,
    "MI": 2.5928277616937834e-05,
    "Usage": [
      0.20011015420337877,
      0.2029761071500422,
      0.1986866130343729,
      0.19926790839313566,
      0.19895921721907048
    ]
  },
  "gaussian": {
    "ACC": 0.3333333333333333,
    "Entropy": 1.6080698377991358,
    "Collapse": 0.20054629226681242,
    "MI": 0.0010027210385730179,
    "Usage": [
      0.18446458943763963,
      0.21429819829167587,
      0.19656430998417476,
      0.20857274961706118,
      0.1961001526694485
    ]
  },
  "spiral": {
    "ACC": 0.3333333333333333,
    "Entropy": 1.6093913374019293,
    "Collapse": 0.20001854750017795,
    "MI": 2.9800197329787892e-05,
    "Usage": [
      0.1962050196242311,
      0.20124469607100895,
      0.20137250466348844,
      0.20049141078880148,
      0.20068636885247004
    ]
  },
  "mnist_like": {
    "ACC": 0.15,
    "Entropy": 1.6000818087469841,
    "Collapse": 0.2037723178971907,
    "MI": 0.046324526200133276,
    "Usage": [
      0.2302448674821552,
      0.23495542228606564,
      0.1737721806233846,
      0.17080914972899247,
      0.19021837987940207
    ]
  }
}