{
  "xor": {
    "acc": 0.77,
    "entropy": 1.6092818396317703,
    "usage": [
      0.2486666666666653,
      0.2486666666666653,
      0.08466666666666671,
      0.33333333333333404,
      0.08466666666666671
    ],
    "FLOPs": 496000,
    "score": 0.5147058823529412,
    "expert_perf": [
      0.7526340289725847,
      0.5150790494954717,
      0.4849039032942697,
      0.5166486985252041,
      0.48501764191404734
    ],
    "class_routing": [
      [
        0.33333333333333337,
        0.33333333333333337,
        0.0,
        0.33333333333333337,
        0.0
      ],
      [
        0.1584022038567493,
        0.1584022038567493,
        0.17493112947658412,
        0.33333333333333304,
        0.17493112947658412
      ]
    ]
  },
  "gaussian": {
    "acc": 0.91,
    "entropy": 1.608798778786865,
    "usage": [
      0.3173333333333336,
      0.16933333333333309,
      0.17333333333333303,
      0.1766666666666663,
      0.16333333333333316
    ],
    "FLOPs": 496000,
    "score": 0.6082887700534759,
    "expert_perf": [
      0.8244784516735812,
      0.49651169850800686,
      0.5320892847844172,
      0.49623799486913855,
      0.5034802932744032
    ],
    "class_routing": [
      [
        0.31999999999999995,
        0.3053333333333335,
        0.03466666666666668,
        0.31333333333333335,
        0.026666666666666672
      ],
      [
        0.3146666666666666,
        0.033333333333333326,
        0.31199999999999994,
        0.04000000000000001,
        0.3000000000000001
      ]
    ]
  },
  "spiral": {
    "acc": 0.936,
    "entropy": 1.6087584257057792,
    "usage": [
      0.15799999999999992,
      0.14600000000000007,
      0.1879999999999995,
      0.33333333333333404,
      0.17466666666666633
    ],
    "FLOPs": 496000,
    "score": 0.625668449197861,
    "expert_perf": [
      0.4969451631055941,
      0.4969172693250381,
      0.5029625995175252,
      0.8269388507827252,
      0.5030763296833941
    ],
    "class_routing": [
      [
        0.30666666666666675,
        0.286666666666667,
        0.0466666666666667,
        0.33333333333333304,
        0.026666666666666665
      ],
      [
        0.009333333333333341,
        0.005333333333333338,
        0.3293333333333333,
        0.33333333333333326,
        0.3226666666666667
      ]
    ]
  },
  "mnist_like": {
    "acc": 0.354,
    "entropy": 1.6063393106166943,
    "usage": [
      0.16933333333333309,
      0.19999999999999932,
      0.2313333333333322,
      0.2079999999999992,
      0.19133333333333277
    ],
    "FLOPs": 194432000,
    "score": 0.0018113717303205206,
    "expert_perf": [
      0.11688671921341597,
      0.11554608864124011,
      0.10536337398643178,
      0.12260025950068301,
      0.16744946053044316
    ],
    "class_routing": [
      [
        0.3115942028985509,
        0.11594202898550722,
        0.12318840579710141,
        0.1594202898550724,
        0.28985507246376824
      ],
      [
        0.04848484848484846,
        0.29090909090909095,
        0.27272727272727276,
        0.31515151515151507,
        0.0727272727272727
      ],
      [
        0.2614379084967321,
        0.14379084967320255,
        0.196078431372549,
        0.32679738562091515,
        0.0718954248366013
      ],
      [
        0.06214689265536723,
        0.2824858757062148,
        0.1299435028248587,
        0.3163841807909604,
        0.20903954802259891
      ],
      [
        0.3270440251572327,
        0.050314465408805006,
        0.19496855345911943,
        0.3018867924528303,
        0.1257861635220125
      ],
      [
        0.27536231884057977,
        0.2318840579710145,
        0.2536231884057971,
        0.1304347826086956,
        0.10869565217391301
      ],
      [
        0.14666666666666658,
        0.11999999999999995,
        0.27333333333333343,
        0.20666666666666664,
        0.2533333333333334
      ],
      [
        0.027777777777777773,
        0.27777777777777773,
        0.2962962962962963,
        0.07407407407407406,
        0.32407407407407407
      ],
      [
        0.07801418439716311,
        0.3333333333333334,
        0.3333333333333334,
        0.09929078014184393,
        0.15602836879432613
      ],
      [
        0.15204678362573093,
        0.16959064327485376,
        0.2690058479532165,
        0.07602339181286548,
        0.3333333333333333
      ]
    ]
  }
}