{
  "xor": {
    "acc": 1.0,
    "entropy": 1.6091848697821363,
    "usage": [
      0.242,
      0.25,
      0.258,
      0.121,
      0.129
    ],
    "FLOPs": 1088000,
    "score": 0.4789272030651341,
    "expert_perf": [
      0.4862302330650362,
      0.7452784185885315,
      0.5137697190565381,
      0.4862303665635328,
      0.5137696500086996
    ],
    "class_routing": [
      [
        0.0,
        0.25,
        0.5,
        0.0,
        0.25
      ],
      [
        0.5,
        0.25,
        0.0,
        0.25,
        0.0
      ]
    ]
  },
  "gaussian": {
    "acc": 0.916,
    "entropy": 1.6094192088889816,
    "usage": [
      0.1935,
      0.2525,
      0.234,
      0.1935,
      0.1265
    ],
    "FLOPs": 1088000,
    "score": 0.4386973180076628,
    "expert_perf": [
      0.5029509450236193,
      0.6191321667388205,
      0.4970490240917525,
      0.5029509284441545,
      0.4971613572436522
    ],
    "class_routing": [
      [
        0.047,
        0.252,
        0.436,
        0.028,
        0.237
      ],
      [
        0.34,
        0.253,
        0.032,
        0.359,
        0.016
      ]
    ]
  },
  "spiral": {
    "acc": 0.97,
    "entropy": 1.6082011668137983,
    "usage": [
      0.194,
      0.261,
      0.186,
      0.188,
      0.171
    ],
    "FLOPs": 1088000,
    "score": 0.46455938697318006,
    "expert_perf": [
      0.4888641993464206,
      0.8487320790230437,
      0.511135735789781,
      0.4888642155448947,
      0.5111357359301163
    ],
    "class_routing": [
      [
        0.013,
        0.265,
        0.368,
        0.016,
        0.338
      ],
      [
        0.375,
        0.257,
        0.004,
        0.36,
        0.004
      ]
    ]
  },
  "mnist_like": {
    "acc": 0.534,
    "entropy": 1.60838310397217,
    "usage": [
      0.247,
      0.1385,
      0.2865,
      0.102,
      0.226
    ],
    "FLOPs": 426496000,
    "score": 0.0012491344948256827,
    "expert_perf": [
      0.13172568974906063,
      0.15192649981878692,
      0.1645593645847444,
      0.12704071904089786,
      0.21265906942108137
    ],
    "class_routing": [
      [
        0.22282608695652173,
        0.29891304347826086,
        0.21195652173913043,
        0.0,
        0.266304347826087
      ],
      [
        0.17727272727272728,
        0.22727272727272727,
        0.33636363636363636,
        0.01818181818181818,
        0.2409090909090909
      ],
      [
        0.11764705882352941,
        0.0784313725490196,
        0.4215686274509804,
        0.09313725490196079,
        0.28921568627450983
      ],
      [
        0.211864406779661,
        0.4533898305084746,
        0.0847457627118644,
        0.0,
        0.25
      ],
      [
        0.2028301886792453,
        0.009433962264150943,
        0.3632075471698113,
        0.3018867924528302,
        0.12264150943396226
      ],
      [
        0.21195652173913043,
        0.03804347826086957,
        0.4076086956521739,
        0.059782608695652176,
        0.2826086956521739
      ],
      [
        0.385,
        0.095,
        0.2,
        0.05,
        0.27
      ],
      [
        0.25,
        0.0,
        0.2777777777777778,
        0.4444444444444444,
        0.027777777777777776
      ],
      [
        0.26063829787234044,
        0.03723404255319149,
        0.44148936170212766,
        0.06382978723404255,
        0.19680851063829788
      ],
      [
        0.42105263157894735,
        0.06140350877192982,
        0.17105263157894737,
        0.08771929824561403,
        0.25877192982456143
      ]
    ]
  }
}