model,hidden,states,gate_hidden,use_skip,seeds,accuracy_mean,accuracy_std,accuracy_min,accuracy_max,final_loss_mean,train_time_mean_sec,inference_time_mean_sec,flops_per_sample,params,accuracy_per_mflop_mean
dense,128,0,0,False,1,0.9523,0,0.9523,0.9523,0.13650514257190624,31.970345599984284,0.09817309997742996,236032,118282,4.0346224240780915
v4,128,2,8,False,1,0.9507,0,0.9507,0.9507,0.14789207217041353,75.0541561000282,0.19220109999878332,250688,242622,3.792363415879499
